site_id,tier,site_type,difference_type,redundancy_group,route,frame_pdb,uniprot,receptor_one_line,receptor_class,n_entries,n_poses_modelled,n_poses_in_pocket,n_poses_elsewhere,n_poses_not_comparable,n_poses_counted,n_distinct_modes,n_modes_at_2A,n_modes_at_3A,n_modes_at_5A,max_separation_A,min_separation_A,min_inter_mode_separation_A,n_modes_wholepose_3A,n_modes_completelinkage_3A,min_inter_mode_core_sep_A,core_separation_widest_pair_A,n_core_residues,n_pairs_without_core,n_pairs_measured,pose_pairing,min_pose_occupancy,peptide_tokens,pose_env_adducts,pose_env_metals,pose_env_near,pose_env_ions,pose_env_additives,pose_occupancy,pose_contact_entities,mode_sizes,mode_members,poses_elsewhere,pose_specs,pose_frames,pose_modes,pose_sep_from_ref_A,max_token_diff,n_poses_symmetry_resolved,pairwise_separation_A,pairwise_core_separation_A,seq,cell,resolution_A,n_in_bmi200,possible_lattice_contact
A_8ZVY,1_same_molecule,one_deposition,large,RG001,A_one_deposition,8ZVY,P02281;P06897,"Histone H2B 1.1, Histone H2B family, transcription regulator (Xenopus ",transcription_factor,1,2,2,0,0,2,2,2,2,2,21.05,21.05,21.05,2,2,19.67,19.67,8,0,1,residue_number,1.0,DNEAYEMPSEEGYQDYEPEA,-;-,-;-,-;-,-;-,-;-,1.0;1.0,1;1,1+1,D | C,,D/-;C/-,-;B>A,1;2,0.0;21.05,0,0,D~C=21.05,D~C=19.67/8res,DNEAYEMPSEEGYQDYEPEA,linear_standard,1.72,0,True
A_2AOJ,1_same_molecule,one_deposition,large,RG002,A_one_deposition,2AOJ,P04587,"Gag-Pol polyprotein, protease (Human immunodeficiency virus type 1 gro",protease,1,2,2,0,0,2,2,2,2,2,18.77,18.77,18.77,2,2,17.92,17.92,10,0,1,residue_number,0.39,VSFN(FRD)PQITAA(NH2),-;-,-;-,-;-,-;-,-;-,0.61;0.39,1x2;1x2,1+1,CA | CB,,C/A;C/B,-;-,1;2,0.0;18.77,0,0,CA~CB=18.77,CA~CB=17.92/10res,VSFN(FRD)PQITAA(NH2),linear_modified,1.6,0,False
B_P06873_3PTL,1_same_molecule,repeat_deposition,large,RG003,B_repeat_deposition,3PTL,P06873,"Proteinase K, Peptidase S8 family, protease (Parengyodontium album)",protease,2,2,2,0,0,2,2,2,2,2,18.18,18.18,18.18,2,2,16.8,16.8,8,0,1,number_then_name,0.5,KGEADALSLD,-;-,-;-,-;-,-;-,-;-,0.5;0.5,1;1,1+1,3PTL | 3OSZ,,3PTL;3OSZ,-;A>A,1;2,0.0;18.18,0,0,3PTL~3OSZ=18.18,3PTL~3OSZ=16.80/8res,KGEADALSLD,linear_standard,1.3,0,False
A_3LIY,1_same_molecule,one_deposition,large,RG004,A_one_deposition,3LIY,Q82134,"Protease, protease (Human T-cell leukemia virus type I)",protease,1,5,5,0,0,5,2,2,2,2,16.65,0.35,16.3,2,2,13.19,13.49,6,0,10,residue_number,0.3,(ACE)APQV(STA)VMHP,-;-;-;-;-,-;-;-;-;-,-;-;-;-;-,-;-;-;-;-,-;-;-;-;-,1.0;0.53;0.47;0.7;0.3,1x2;1x2;1x2;1x2;1x2,3+2,"C,FA,IA | FB,IB",,C/-;F/A;F/B;I/A;I/B,-;A>D;A>D;B>H;B>H,1;1;2;1;2,0.0;0.44;16.55;0.42;16.3,0,2,C~FA=0.44; C~FB=16.55; C~IA=0.42; C~IB=16.30; FA~FB=16.65; FA~IA=0.35; FA~IB=16.40; FB~IA=16.61; FB~IB=0.66; IA~IB=16.35,C~FA=0.34/6res; C~FB=13.35/6res; C~IA=0.30/6res; C~IB=13.19/6res; FA~FB=13.49/6res; FA~IA=0.32/6res; FA~IB=13.32/6res; FB~IA=13.43/6res; FB~IB=0.60/6res; IA~IB=13.25/6res,(ACE)APQV(STA)VMHP,linear_modified,1.86,0,False
A_2AOF,1_same_molecule,one_deposition,large,RG005,A_one_deposition,2AOF,P04587,"Gag-Pol polyprotein, protease (Human immunodeficiency virus type 1 gro",protease,1,2,2,0,0,2,2,2,2,2,16.35,16.35,16.35,2,2,15.2,15.2,9,0,1,residue_number,0.42,RPGN(FRD)LQSRP(NH2),-;-,-;-,-;-,-;-,-;-,0.56;0.42,1x2;1x2,1+1,CA | CC,,C/A;C/C,-;-,1;2,0.0;16.35,0,0,CA~CC=16.35,CA~CC=15.20/9res,RPGN(FRD)LQSRP(NH2),linear_modified,1.32,0,False
A_6BRA,1_same_molecule,one_deposition,large,RG006,A_one_deposition,6BRA,Q5RZ08,"Protease, protease (Human immunodeficiency virus type 1)",protease,1,2,2,0,0,2,2,2,2,2,14.52,14.52,14.52,2,2,10.7,10.7,6,0,1,residue_number,0.4,SGIFLETS,-;-,-;-,-;-,-;-,-;-,0.5;0.4,1x2;1x2,1+1,CA | CB,,C/A;C/B,-;-,1;2,0.0;14.52,0,0,CA~CB=14.52,CA~CB=10.70/6res,SGIFLETS,linear_standard,1.111,0,False
A_2ZNE,1_same_molecule,one_deposition,large,RG007,A_one_deposition,2ZNE,O75340,"Programmed cell death protein 6, adaptor/scaffold PPI module (human)",adaptor_scaffold_ppi,1,2,2,0,0,2,2,2,2,2,13.71,13.71,13.71,2,2,13.21,13.21,9,0,1,residue_number,1.0,QGPPYPTYPGYPGYSQ,-;-,-;-,-;-,-;-,-;-,1.0;1.0,1;1,1+1,C | D,,C/-;D/-,-;A>B,1;2,0.0;13.71,0,0,C~D=13.71,C~D=13.21/9res,QGPPYPTYPGYPGYSQ,linear_standard,2.2,0,False
A_3UA7,1_same_molecule,one_deposition,large,RG008,A_one_deposition,3UA7,P06241,"Tyrosine-protein kinase Fyn, protein kinase (human)",kinase,1,2,2,0,0,2,2,2,2,2,13.63,13.63,13.63,2,2,10.6,10.6,6,0,1,residue_number,1.0,(ACE)APPIPPPRRKR,-;-,-;-,-;-,-;-,-;-,1.0;1.0,1;1,1+1,E | F,,E/-;F/-,-;A>D,1;2,0.0;13.63,0,0,E~F=13.63,E~F=10.60/6res,(ACE)APPIPPPRRKR,linear_modified,1.5,0,False
A_7TO8,1_same_molecule,one_deposition,large,RG009,A_one_deposition,7TO8,Q15059,"Bromodomain-containing protein 3, BET family, chromatin reader/scaffol",chromatin_reader,1,2,2,0,0,2,2,2,2,2,12.57,12.57,12.57,2,2,10.91,10.91,11,0,1,residue_number,0.5,AQRSL(ALY)LL(ALY)HLYHG,-;-,-;-,-;-,-;-,-;-,0.5;0.5,1x2;1x2,1+1,CA | CB,,C/A;C/B,-;-,1;2,0.0;12.57,0,0,CA~CB=12.57,CA~CB=10.91/11res,AQRSL(ALY)LL(ALY)HLYHG,linear_modified,1.5,0,False
A_6FNZ,1_same_molecule,one_deposition,large,RG010,A_one_deposition,6FNZ,O43602,"Neuronal migration protein doublecortin, role not classified from avai",other,1,4,4,0,0,4,2,2,2,2,11.89,0.23,11.62,2,2,8.0,8.0,4,0,6,residue_number,0.5,PESSEG,-;-;-;-,-;-;-;-,-;-;-;-,-;-;-;-,-;-;-;-,0.5;0.5;0.5;0.5,1x2;1x2;1x2;1x2,3+1,"G,E,FA | FB",,G/-;E/-;F/A;F/B,-;B>D;B>C;B>C,1;1;1;2,0.0;1.21;0.23;11.89,0,2,E~FA=1.23; E~FB=11.62; FA~FB=11.89; G~E=1.21; G~FA=0.23; G~FB=11.89,E~FA=0.58/4res; E~FB=8.04/4res; FA~FB=8.00/4res; G~E=0.49/4res; G~FA=0.24/4res; G~FB=8.01/4res,PESSEG,linear_standard,2.23,0,False
A_4EQJ,1_same_molecule,one_deposition,large,RG011,A_one_deposition,4EQJ,P03369,"Gag-Pol polyprotein, protease (Human immunodeficiency virus type 1 gro",protease,1,2,2,0,0,2,2,2,2,2,11.01,11.01,11.01,2,2,7.32,7.32,4,0,1,residue_number,0.5,AETFYVDG,-;-,-;-,-;-,-;-,-;-,0.5;0.5,1;1,1+1,BA | BB,,B/A;B/B,-;-,1;2,0.0;11.01,0,0,BA~BB=11.01,BA~BB=7.32/4res,AETFYVDG,linear_standard,1.8,0,False
A_7TO9,1_same_molecule,one_deposition,large,RG012,A_one_deposition,7TO9,Q15059,"Bromodomain-containing protein 3, BET family, chromatin reader/scaffol",chromatin_reader,1,2,2,0,0,2,2,2,2,2,10.83,10.83,10.83,2,2,8.74,8.74,9,0,1,residue_number,0.48,EEAQRSL(ALY)LL(ALY)HLYHGEE,-;-,-;-,-;-,-;-,-;GOL,0.48;0.52,1x2;1x2,1+1,CA | CB,,C/A;C/B,-;-,1;2,0.0;10.83,0,0,CA~CB=10.83,CA~CB=8.74/9res,EEAQRSL(ALY)LL(ALY)HLYHGEE,linear_modified,1.6,0,False
A_8IJ0,1_same_molecule,one_deposition,substantial,RG013,A_one_deposition,8IJ0,O95619,"YEATS domain-containing protein 4, chromatin reader/scaffold (human)",chromatin_reader,1,2,2,0,0,2,2,2,2,2,9.46,9.46,9.46,2,2,7.09,7.09,9,0,1,residue_number,1.0,ARTKQTAR(ALY)ST,-;-,-;-,-;-,-;-,"GOLx3,SO4;GOLx2",1.0;1.0,1x2;1x2,1+1,D | C,,D/-;C/-,-;A>B,1;2,0.0;9.46,0,1,D~C=9.46,D~C=7.09/9res,ARTKQTAR(ALY)ST,linear_modified,1.52,1,False
A_4X34,1_same_molecule,one_deposition,substantial,RG014,A_one_deposition,4X34,Q12888,"TP53-binding protein 1, transcription regulator (human)",transcription_factor,1,2,2,0,0,2,2,2,2,2,8.3,8.3,8.3,2,2,7.59,7.59,6,0,1,residue_number,1.0,TSRH(ALY)(MLY)LMFK,-;-,-;-,-;-,-;-,-;-,1.0;1.0,1;1,1+1,C | D,,C/-;D/-,-;A>B,1;2,0.0;8.3,0,0,C~D=8.30,C~D=7.59/6res,TSRH(ALY)(MLY)LMFK,linear_modified,1.801,0,True
A_5MYX,1_same_molecule,one_deposition,substantial,RG015,A_one_deposition,5MYX,-,"Fab c#24 heavy chain, antibody or engineered binder (mouse)",antibody_or_designed_binder,1,2,2,0,0,2,2,2,2,2,8.03,8.03,8.03,2,2,6.36,6.36,10,0,1,residue_number,1.0,(PCA)FRHDSGYEVHHQKLV,-;-,-;-,-;-,-;-,-;-,1.0;1.0,"1,2;1,2",1+1,F | E,,F/-;E/-,-;C>A,1;2,0.0;8.03,0,1,F~E=8.03,F~E=6.36/10res,(PCA)FRHDSGYEVHHQKLV,linear_modified,1.492,0,False
A_7VFL,1_same_molecule,one_deposition,substantial,RG016,A_one_deposition,7VFL,A0A0H2XGN0,"Glycosyl transferase, group 1 family protein, transferase (Staphylococ",transferase,1,2,2,0,0,2,2,2,2,2,6.91,6.91,6.91,2,2,6.74,6.74,4,0,1,residue_number,1.0,DSDSDSDSD,NAGx2;NAG,-;-,NAGx2;NAG,-;-,-;-,1.0;1.0,1;1,1+1,C | D,,C/-;D/-,-;A>B,1;2,0.0;6.91,0,0,C~D=6.91,C~D=6.74/4res,DSDSDSDSD,linear_standard,2.45,0,False
A_8FYU,1_same_molecule,one_deposition,substantial,RG017,A_one_deposition,8FYU,Q9UNE7,"E3 ubiquitin-protein ligase CHIP, ubiquitin-system component (human)",ubiquitin_system,1,2,2,0,0,2,2,2,2,2,6.9,6.9,6.9,2,2,5.01,5.01,8,0,1,residue_number,1.0,SSTGSIDMVD,-;-,-;-,-;-,-;-,-;-,1.0;1.0,1;1,1+1,C | D,,C/-;D/-,-;A>B,1;2,0.0;6.9,0,0,C~D=6.90,C~D=5.01/8res,SSTGSIDMVD,linear_standard,1.84839139202,0,False
A_6GQN,1_same_molecule,one_deposition,substantial,RG018,A_one_deposition,6GQN,Q8DR57,"Cell cycle adapter protein GpsB, GpsB family, adaptor/scaffold PPI mod",adaptor_scaffold_ppi,1,2,2,0,0,2,2,2,2,2,6.89,6.89,6.89,2,2,5.87,5.87,11,0,1,residue_number,1.0,TILRRSRSDRKKLA,-;-,-;-,-;-,-;-,SO4x2;SO4,1.0;1.0,1;1,1+1,C | D,,C/-;D/-,-;B>A,1;2,0.0;6.89,0,0,C~D=6.89,C~D=5.87/11res,TILRRSRSDRKKLA,linear_standard,1.8,0,False
A_7EC3,1_same_molecule,one_deposition,substantial,RG019,A_one_deposition,7EC3,Q2G0L2,"Glycosyl transferase family 1 domain-containing protein, transferase (",transferase,1,2,2,0,0,2,2,2,2,2,6.83,6.83,6.83,2,2,6.54,6.54,4,0,1,residue_number,1.0,SDSDSDSD,NAGx2;NAG,-;-,NAGx2;NAG,-;-,-;-,1.0;1.0,1;1,1+1,C | D,,C/-;D/-,-;A>B,1;2,0.0;6.83,0,0,C~D=6.83,C~D=6.54/4res,SDSDSDSD,linear_standard,2.5,0,False
A_5CS2,1_same_molecule,one_deposition,substantial,RG020,A_one_deposition,5CS2,Q8IL97,"Bis-triphosphatase, phosphatase (Plasmodium falciparum)",phosphatase,1,2,2,0,0,2,2,2,2,2,6.63,6.63,6.63,2,2,5.85,5.85,5,0,1,residue_number,0.25,(54C)(WLU)A(WPA)V(MLE)(WVL),-;-,-;-,-;-,-;-,-;-,0.25;0.25,1;1,1+1,BA | BB,,B/A;B/B,-;-,1;2,0.0;6.63,0,0,BA~BB=6.63,BA~BB=5.85/5res,(54C)(WLU)A(WPA)V(MLE)(WVL),cyclic_modified,1.65,0,False
A_5OJR,1_same_molecule,one_deposition,substantial,RG021,A_one_deposition,5OJR,Q8DI95,"Photosystem II assembly protein Ycf48, Ycf48 family, role not classifi",other,1,2,2,0,0,2,2,2,2,2,6.52,6.52,6.52,2,2,5.86,5.86,15,0,1,residue_number,1.0,NAHNFPLDLASAESAPVA,-;-,-;-,-;-,-;-,-;-,1.0;1.0,1;1,1+1,E | F,,E/-;F/-,-;A>B,1;2,0.0;6.52,0,0,E~F=6.52,E~F=5.86/15res,NAHNFPLDLASAESAPVA,linear_standard,1.96,1,False
A_8Q7K,1_same_molecule,one_deposition,substantial,RG022,A_one_deposition,8Q7K,Q9GZQ8,"Microtubule-associated protein 1 light chain 3 beta, ATG8 family, ubiq",ubiquitin_system,1,2,2,0,0,2,2,2,2,1,6.21,6.21,6.21,2,2,4.25,4.25,7,0,1,residue_number,1.0,EDETWEVLE,-;-,-;-,-;-,-;-,-;EDO,1.0;1.0,1;1,1+1,C | D,,C/-;D/-,-;A>B,1;2,0.0;6.21,0,0,C~D=6.21,C~D=4.25/7res,EDETWEVLE,linear_standard,1.6,0,False
A_5MTW,1_same_molecule,one_deposition,substantial,RG023,A_one_deposition,5MTW,P95257,"SecB-like chaperone Rv1957, SecB-like family, chaperone/folding cataly",chaperone,1,3,3,0,0,3,2,2,2,2,5.91,0.73,5.74,2,2,5.25,5.37,10,0,3,residue_number,0.92,EVPTWHRLSSYRG,-;-;-,-;-;-,-;-;-,-;-;-,DMS;DMS;-,0.98;0.97;0.92,1x3;1x3;1x3,2+1,"F,E | G",,F/-;E/-;G/-,-;D>A;B>A,1;1;2,0.0;0.73;5.74,0,2,E~G=5.91; F~E=0.73; F~G=5.74,E~G=5.37/10res; F~E=0.40/10res; F~G=5.25/10res,EVPTWHRLSSYRG,linear_standard,1.84,0,False
A_5UN8,1_same_molecule,one_deposition,substantial,RG025,A_one_deposition,5UN8,O60502,"Protein O-GlcNAcase, Glycosyl hydrolase 84 family, hydrolase (human)",other_hydrolase,1,4,4,0,0,4,2,2,2,1,5.33,0.16,4.15,2,2,3.06,4.04,6,0,6,residue_number,1.0,QLWVDSTPPPG,NAG;NAG;NAG;NAG,-;-;-;-,NAG;NAG;NAG;NAG,-;-;-;-,-;-;-;-,1.0;1.0;1.0;1.0,1x2;1x2;1x2;1x2,2+2,"G,H | E,F",,G/-;E/-;F/-;H/-,-;C>A;C>B;C>D,1;2;2;1,0.0;4.22;5.33;0.16,0,2,E~F=0.21; E~H=4.15; F~H=5.21; G~E=4.22; G~F=5.33; G~H=0.16,E~F=0.18/5res; E~H=3.06/5res; F~H=3.98/6res; G~E=3.11/5res; G~F=4.04/6res; G~H=0.10/6res,QLWVDSTPPPG,linear_standard,2.13,0,False
A_3G2S,1_same_molecule,one_deposition,substantial,RG026,A_one_deposition,3G2S,Q9UJY5,"ADP-ribosylation factor-binding protein GGA1, GGA protein family, adap",adaptor_scaffold_ppi,1,3,3,0,0,3,2,2,2,1,5.3,0.01,5.3,2,2,3.7,3.7,9,0,3,residue_number,0.99,ITGFSDDVPMVIA,-;-;-,-;-;-,-;-;-,-;-;-,-;-;-,1.0;0.99;0.99,1;1;1,1+2,"C | DA,DB",,C/-;D/A;D/B,-;A>B;A>B,1;2;2,0.0;5.3;5.3,0,0,C~DA=5.30; C~DB=5.30; DA~DB=0.01,C~DA=3.70/9res; C~DB=3.70/9res; DA~DB=0.01/9res,ITGFSDDVPMVIA,linear_standard,1.7,0,False
A_5N8E,1_same_molecule,one_deposition,clear,RG028,A_one_deposition,5N8E,P22629,"Streptavidin, Avidin/streptavidin family, secreted ligand/lectin/toxin",extracellular_ligand_lectin_toxin,1,4,4,0,0,4,2,2,2,1,3.89,0.03,3.81,2,2,4.0,4.08,10,0,6,residue_number,0.96,RDPAPAWAHGGG(NH2),-;-;-;-,-;-;-;-,-;-;-;-,-;-;-;-,-;-;-;-,1.0;1.0;0.96;0.96,1x2;1x2;1x2;1x2,2+2,"E,F | GA,GB",,E/-;F/-;G/A;G/B,-;D>C;D>A;D>A,1;1;2;2,0.0;0.28;3.81;3.81,0,0,E~F=0.28; E~GA=3.81; E~GB=3.81; F~GA=3.89; F~GB=3.89; GA~GB=0.03,E~F=0.27/10res; E~GA=4.00/10res; E~GB=4.00/10res; F~GA=4.08/10res; F~GB=4.08/10res; GA~GB=0.03/10res,RDPAPAWAHGGG(NH2),linear_modified,1.1,0,False
A_1UK4,1_same_molecule,one_deposition,clear,RG029,A_one_deposition,1UK4,P0C6U8,"Replicase polyprotein 1a, Coronaviruses polyprotein 1ab family, protea",protease,1,3,2,1,0,2,2,2,2,1,3.66,3.66,3.66,2,2,3.63,3.63,4,0,1,residue_number,1.0,NSTLQ(0QE),-;-,-;-,-;-,-;-,-;-,1.0;1.0,1;1,1+1,D | C,E (no overlap (closest 22.8 A)),D/-;C/-,-;B>A,1;2,0.0;3.66,0,0,D~C=3.66,D~C=3.63/4res,NSTLQ(0QE),linear_modified,2.5,0,False
A_9KZS,1_same_molecule,one_deposition,clear,RG030,A_one_deposition,9KZS,A0A023J7B5,"ORF1ab polyprotein, Coronaviruses polyprotein 1ab family, protease (Po",protease,1,2,2,0,0,2,2,2,2,1,3.56,3.56,3.56,2,2,3.58,3.58,3,0,1,residue_number,1.0,DRSIMQ,-;-,-;-,-;-,-;-,-;-,1.0;1.0,1;1,1+1,C | D,,C/-;D/-,-;A>B,1;2,0.0;3.56,0,0,C~D=3.56,C~D=3.58/3res,DRSIMQ,linear_standard,1.88,0,False
A_7MX1,1_same_molecule,one_deposition,clear,RG031,A_one_deposition,7MX1,P53350,"Serine/threonine-protein kinase PLK1, protein kinase (human)",kinase,1,2,2,0,0,2,2,2,2,1,3.28,3.28,3.28,2,2,3.66,3.66,4,0,1,residue_number,1.0,(ACE)PLAS(TPO),ZOY;ZOY,-;-,ZOY;ZOY,-;-,-;-,1.0;1.0,1;1,1+1,D | C,,D/-;C/-,-;B>A,1;2,0.0;3.28,0,0,D~C=3.28,D~C=3.66/4res,(ACE)PLAS(TPO),linear_modified,1.64,1,False
A_9L7N,1_same_molecule,one_deposition,clear,RG032,A_one_deposition,9L7N,A0A023J7B5,"ORF1ab polyprotein, Coronaviruses polyprotein 1ab family, protease (Po",protease,1,2,2,0,0,2,2,2,2,1,3.13,3.13,3.13,2,2,3.36,3.36,4,0,1,residue_number,1.0,KSAVLQ,-;-,-;-,-;-,-;-,-;-,1.0;1.0,1;1,1+1,C | D,,C/-;D/-,-;A>B,1;2,0.0;3.13,0,0,C~D=3.13,C~D=3.36/4res,KSAVLQ,linear_standard,2.23,0,False
