site_id,pose,label,pdb_id,source,mode,separation_from_ref_A,chain_in_pdb,n_atoms,n_residues,occupancy,env_adducts,env_metals,env_near,env_ions,env_additives,receptor_file,receptor_chains,receptor_residues,receptor_sup_rmsd_A,pocket_ca_rmsd_vs_pose1_A,pocket_n_res_paired
A_8ZVY,1,D/-,8ZVY,PDB 8ZVY subchain D,1,0.0,P,107,13,1.0,-,-,-,-,-,receptor_01.cif,B,180,0.0,0.0,
A_8ZVY,2,C/-,8ZVY,PDB 8ZVY subchain C,2,21.05,Q,85,10,1.0,-,-,-,-,-,receptor_02.cif,A,182,2.0,0.58,9.0
A_2AOJ,1,C/A,2AOJ,PDB 2AOJ subchain C altloc A,1,0.0,P,84,12,0.61,-,-,-,-,-,receptor_01.cif,"A,B",198,0.0,0.0,
A_2AOJ,2,C/B,2AOJ,PDB 2AOJ subchain C altloc B,2,18.77,Q,84,12,0.39,-,-,-,-,-,receptor_02.cif,"A,B",198,0.0,0.05,37.0
B_P06873_3PTL,1,3PTL,3PTL,PDB 3PTL peptide,1,0.0,P,71,10,0.5,-,-,-,-,-,receptor_01.cif,A,279,0.0,0.0,
B_P06873_3PTL,2,3OSZ,3OSZ,PDB 3OSZ peptide,2,18.18,Q,71,10,0.5,-,-,-,-,-,receptor_02.cif,A,280,0.16,0.19,21.0
A_3LIY,1,C/-,3LIY,PDB 3LIY subchain C,1,0.0,P,72,9,1.0,-,-,-,-,-,receptor_01.cif,"A,B",232,0.0,0.0,
A_3LIY,2,F/A,3LIY,PDB 3LIY subchain F altloc A,1,0.44,Q,64,8,0.53,-,-,-,-,-,receptor_02.cif,"C,D",232,0.23,0.53,35.0
A_3LIY,3,F/B,3LIY,PDB 3LIY subchain F altloc B,2,16.55,R,64,8,0.47,-,-,-,-,-,receptor_03.cif,"C,D",232,0.23,0.54,33.0
A_3LIY,4,I/A,3LIY,PDB 3LIY subchain I altloc A,1,0.42,S,64,8,0.7,-,-,-,-,-,receptor_04.cif,"E,F",232,0.24,0.42,34.0
A_3LIY,5,I/B,3LIY,PDB 3LIY subchain I altloc B,2,16.3,T,64,8,0.3,-,-,-,-,-,receptor_05.cif,"E,F",232,0.24,0.45,34.0
A_2AOF,1,C/A,2AOF,PDB 2AOF subchain C altloc A,1,0.0,P,82,11,0.56,-,-,-,-,-,receptor_01.cif,"A,B",199,0.0,0.0,
A_2AOF,2,C/C,2AOF,PDB 2AOF subchain C altloc C,2,16.35,Q,76,11,0.42,-,-,-,-,-,receptor_02.cif,"A,B",199,0.0,0.0,33.0
A_6BRA,1,C/A,6BRA,PDB 6BRA subchain C altloc A,1,0.0,P,60,8,0.5,-,-,-,-,-,receptor_01.cif,"A,B",198,0.0,0.0,
A_6BRA,2,C/B,6BRA,PDB 6BRA subchain C altloc B,2,14.52,Q,60,8,0.4,-,-,-,-,-,receptor_02.cif,"A,B",198,0.0,0.31,34.0
A_2ZNE,1,C/-,2ZNE,PDB 2ZNE subchain C,1,0.0,P,117,15,1.0,-,-,-,-,-,receptor_01.cif,"A,B",335,0.0,0.0,
A_2ZNE,2,D/-,2ZNE,PDB 2ZNE subchain D,2,13.71,Q,95,12,1.0,-,-,-,-,-,receptor_02.cif,B,167,0.73,0.55,10.0
A_3UA7,1,E/-,3UA7,PDB 3UA7 subchain E,1,0.0,P,62,9,1.0,-,-,-,-,-,receptor_01.cif,A,64,0.0,0.0,
A_3UA7,2,F/-,3UA7,PDB 3UA7 subchain F,2,13.63,Q,59,8,1.0,-,-,-,-,-,receptor_02.cif,D,61,0.95,0.37,9.0
A_7TO8,1,C/A,7TO8,PDB 7TO8 subchain C altloc A,1,0.0,P,118,13,0.5,-,-,-,-,-,receptor_01.cif,"A,B",232,0.0,0.0,
A_7TO8,2,C/B,7TO8,PDB 7TO8 subchain C altloc B,2,12.57,Q,118,13,0.5,-,-,-,-,-,receptor_02.cif,"A,B",232,0.0,0.0,25.0
A_6FNZ,1,G/-,6FNZ,PDB 6FNZ subchain G,1,0.0,P,42,6,0.5,-,-,-,-,-,receptor_01.cif,"B,D",160,0.0,0.0,
A_6FNZ,2,E/-,6FNZ,PDB 6FNZ subchain E,1,1.21,Q,42,6,0.5,-,-,-,-,-,receptor_02.cif,"B,D",160,0.77,0.71,10.0
A_6FNZ,3,F/A,6FNZ,PDB 6FNZ subchain F altloc A,1,0.23,R,42,6,0.5,-,-,-,-,-,receptor_03.cif,"A,C",155,1.18,0.27,10.0
A_6FNZ,4,F/B,6FNZ,PDB 6FNZ subchain F altloc B,2,11.89,S,42,6,0.5,-,-,-,-,-,receptor_04.cif,"A,C",155,1.18,0.24,9.0
A_4EQJ,1,B/A,4EQJ,PDB 4EQJ subchain B altloc A,1,0.0,P,47,6,0.5,-,-,-,-,-,receptor_01.cif,A,200,0.0,0.0,
A_4EQJ,2,B/B,4EQJ,PDB 4EQJ subchain B altloc B,2,11.01,Q,47,6,0.5,-,-,-,-,-,receptor_02.cif,A,200,0.0,0.22,28.0
A_7TO9,1,C/A,7TO9,PDB 7TO9 subchain C altloc A,1,0.0,P,105,11,0.48,-,-,-,-,-,receptor_01.cif,"A,B",233,0.0,0.0,
A_7TO9,2,C/B,7TO9,PDB 7TO9 subchain C altloc B,2,10.83,Q,105,11,0.52,-,-,-,-,GOL,receptor_02.cif,"A,B",233,0.0,0.0,24.0
A_8IJ0,1,D/-,8IJ0,PDB 8IJ0 subchain D,1,0.0,P,89,11,1.0,-,-,-,-,"GOLx3,SO4",receptor_01.cif,"A,B,D",285,0.0,0.0,
A_8IJ0,2,C/-,8IJ0,PDB 8IJ0 subchain C,2,9.46,Q,89,11,1.0,-,-,-,-,GOLx2,receptor_02.cif,"A,B,C",283,0.95,0.35,16.0
A_4X34,1,C/-,4X34,PDB 4X34 subchain C,1,0.0,P,93,10,1.0,-,-,-,-,-,receptor_01.cif,A,120,0.0,0.0,
A_4X34,2,D/-,4X34,PDB 4X34 subchain D,2,8.3,Q,77,8,1.0,-,-,-,-,-,receptor_02.cif,B,119,0.53,0.62,6.0
A_5MYX,1,F/-,5MYX,PDB 5MYX subchain F,1,0.0,P,140,16,1.0,-,-,-,-,-,receptor_01.cif,"C,D",426,0.0,0.0,
A_5MYX,2,E/-,5MYX,PDB 5MYX subchain E,2,8.03,Q,106,12,1.0,-,-,-,-,-,receptor_02.cif,"A,B",436,0.7,0.68,31.0
A_7VFL,1,C/-,7VFL,PDB 7VFL subchain C,1,0.0,P,57,8,1.0,NAGx2,-,NAGx2,-,-,receptor_01.cif,"A,D",502,0.0,0.0,
A_7VFL,2,D/-,7VFL,PDB 7VFL subchain D,2,6.91,Q,42,6,1.0,NAG,-,NAG,-,-,receptor_02.cif,"C,G",501,1.4,2.47,11.0
A_8FYU,1,C/-,8FYU,PDB 8FYU subchain C,1,0.0,P,67,10,1.0,-,-,-,-,-,receptor_01.cif,"B,A",254,0.0,0.0,
A_8FYU,2,D/-,8FYU,PDB 8FYU subchain D,2,6.9,Q,67,10,1.0,-,-,-,-,-,receptor_02.cif,"B,A",254,0.28,0.47,18.0
A_6GQN,1,C/-,6GQN,PDB 6GQN subchain C,1,0.0,P,115,14,1.0,-,-,-,-,SO4x2,receptor_01.cif,"A,B,C",126,0.0,0.0,
A_6GQN,2,D/-,6GQN,PDB 6GQN subchain D,2,6.89,Q,105,13,1.0,-,-,-,-,SO4,receptor_02.cif,"A,B",125,0.39,0.43,14.0
A_7EC3,1,C/-,7EC3,PDB 7EC3 subchain C,1,0.0,P,57,8,1.0,NAGx2,-,NAGx2,-,-,receptor_01.cif,"A,D",502,0.0,0.0,
A_7EC3,2,D/-,7EC3,PDB 7EC3 subchain D,2,6.83,Q,42,6,1.0,NAG,-,NAG,-,-,receptor_02.cif,"C,G",501,1.41,2.49,11.0
A_5CS2,1,B/A,5CS2,PDB 5CS2 subchain B altloc A,1,0.0,P,75,7,0.25,-,-,-,-,-,receptor_01.cif,A,147,0.0,0.0,
A_5CS2,2,B/B,5CS2,PDB 5CS2 subchain B altloc B,2,6.63,Q,75,7,0.25,-,-,-,-,-,receptor_02.cif,A,147,0.0,0.0,6.0
A_5OJR,1,E/-,5OJR,PDB 5OJR subchain E,1,0.0,P,129,18,1.0,-,-,-,-,-,receptor_01.cif,"A,B",618,0.0,0.0,
A_5OJR,2,F/-,5OJR,PDB 5OJR subchain F,2,6.52,Q,123,17,1.0,-,-,-,-,-,receptor_02.cif,B,310,0.37,0.34,24.0
A_8Q7K,1,C/-,8Q7K,PDB 8Q7K subchain C,1,0.0,P,80,9,1.0,-,-,-,-,-,receptor_01.cif,A,115,0.0,0.0,
A_8Q7K,2,D/-,8Q7K,PDB 8Q7K subchain D,2,6.21,Q,80,9,1.0,-,-,-,-,EDO,receptor_02.cif,B,118,1.1,0.48,15.0
A_5MTW,1,F/-,5MTW,PDB 5MTW subchain F,1,0.0,P,108,12,0.98,-,-,-,-,DMS,receptor_01.cif,"C,D,B",413,0.0,0.0,
A_5MTW,2,E/-,5MTW,PDB 5MTW subchain E,1,0.73,Q,108,12,0.97,-,-,-,-,DMS,receptor_02.cif,"C,A,B",415,0.43,0.46,27.0
A_5MTW,3,G/-,5MTW,PDB 5MTW subchain G,2,5.74,R,102,12,0.92,-,-,-,-,-,receptor_03.cif,"C,D,A",412,1.14,1.96,16.0
A_2WP2,1,D/-,2WP2,PDB 2WP2 subchain D,1,0.0,P,73,12,1.0,-,-,-,-,-,receptor_01.cif,B,110,0.0,0.0,
A_2WP2,2,C/-,2WP2,PDB 2WP2 subchain C,2,5.53,Q,58,10,1.0,-,-,-,-,-,receptor_02.cif,A,114,0.27,0.28,14.0
A_5UN8,1,G/-,5UN8,PDB 5UN8 subchain G,1,0.0,P,67,9,1.0,NAG,-,NAG,-,-,receptor_01.cif,"A,C,G",854,0.0,0.0,
A_5UN8,2,E/-,5UN8,PDB 5UN8 subchain E,2,4.22,Q,56,7,1.0,NAG,-,NAG,-,-,receptor_02.cif,"A,C,E",854,0.83,0.73,11.0
A_5UN8,3,F/-,5UN8,PDB 5UN8 subchain F,2,5.33,R,63,8,1.0,NAG,-,NAG,-,-,receptor_03.cif,"B,D,F",856,0.8,0.79,10.0
A_5UN8,4,H/-,5UN8,PDB 5UN8 subchain H,1,0.16,S,63,8,1.0,NAG,-,NAG,-,-,receptor_04.cif,"B,D,H",856,0.16,0.1,15.0
A_3G2S,1,C/-,3G2S,PDB 3G2S subchain C,1,0.0,P,80,11,1.0,-,-,-,-,-,receptor_01.cif,A,146,0.0,0.0,
A_3G2S,2,D/A,3G2S,PDB 3G2S subchain D altloc A,2,5.3,Q,80,11,0.99,-,-,-,-,-,receptor_02.cif,B,141,0.96,0.4,17.0
A_3G2S,3,D/B,3G2S,PDB 3G2S subchain D altloc B,2,5.3,R,80,11,0.99,-,-,-,-,-,receptor_03.cif,B,141,0.96,0.4,17.0
A_5N8E,1,E/-,5N8E,PDB 5N8E subchain E,1,0.0,P,85,13,1.0,-,-,-,-,-,receptor_01.cif,"B,D",242,0.0,0.0,
A_5N8E,2,F/-,5N8E,PDB 5N8E subchain F,1,0.28,Q,74,12,1.0,-,-,-,-,-,receptor_02.cif,"A,C",240,0.36,0.19,23.0
A_5N8E,3,G/A,5N8E,PDB 5N8E subchain G altloc A,2,3.81,R,74,12,0.96,-,-,-,-,-,receptor_03.cif,"A,B,C",362,0.42,0.18,22.0
A_5N8E,4,G/B,5N8E,PDB 5N8E subchain G altloc B,2,3.81,S,74,12,0.96,-,-,-,-,-,receptor_04.cif,"A,B,C",362,0.42,0.18,21.0
A_1UK4,1,D/-,1UK4,PDB 1UK4 subchain D,1,0.0,P,39,6,1.0,-,-,-,-,-,receptor_01.cif,B,302,0.0,0.0,
A_1UK4,2,C/-,1UK4,PDB 1UK4 subchain C,2,3.66,Q,39,6,1.0,-,-,-,-,-,receptor_02.cif,"A,B",603,0.81,1.03,18.0
A_9KZS,1,C/-,9KZS,PDB 9KZS subchain C,1,0.0,P,42,5,1.0,-,-,-,-,-,receptor_01.cif,"A,B",597,0.0,0.0,
A_9KZS,2,D/-,9KZS,PDB 9KZS subchain D,2,3.56,Q,42,5,1.0,-,-,-,-,-,receptor_02.cif,B,298,0.86,0.29,20.0
A_7MX1,1,D/-,7MX1,PDB 7MX1 subchain D,1,0.0,P,40,6,1.0,ZOY,-,ZOY,-,-,receptor_01.cif,"B,E",223,0.0,0.0,
A_7MX1,2,C/-,7MX1,PDB 7MX1 subchain C,2,3.28,Q,40,6,1.0,ZOY,-,ZOY,-,-,receptor_02.cif,"A,C",221,0.55,0.23,12.0
A_9L7N,1,C/-,9L7N,PDB 9L7N subchain C,1,0.0,P,44,6,1.0,-,-,-,-,-,receptor_01.cif,"A,B",596,0.0,0.0,
A_9L7N,2,D/-,9L7N,PDB 9L7N subchain D,2,3.13,Q,44,6,1.0,-,-,-,-,-,receptor_02.cif,B,298,0.69,0.47,24.0
