site_id,pose,label,pdb_id,mode,pose_source,n_residues,n_assignable,n_refused,n_internal_chain_breaks,backbone_order_ambiguous,topology_measured,cyclomatic_number,ring_closure_class,head_to_tail_wrap,ss_string_bound,ss_string_intrinsic,ss_category_bound,ss_category_intrinsic,n_strand_residues_bound,n_strand_residues_intrinsic,n_residues_receptor_induced,n_hbonds_peptide_internal,n_hbonds_peptide_to_receptor,longest_helix_bound,longest_strand_bound,longest_ppii_bound,helix_handedness,n_d_residues
A_8ZVY,1,D/-,8ZVY,1,copies,13,13,0,0,0,linear,0,linear,0,CxCxxCTTPPPCC,CxCxxCTTPPPCC,ppii,ppii,0,0,0,1,0,0,0,3,none,0
A_8ZVY,2,C/-,8ZVY,2,copies,10,10,0,0,0,linear,0,linear,0,CSxxxxxxxC,CSxxxxxxxC,turn_only,turn_only,0,0,0,1,1,0,0,0,none,0
A_2AOJ,1,C/A,2AOJ,1,altloc,12,10,0,0,0,linear,0,linear,0,CCEEXxEEExCX,CCxxXxxxxxCX,sheet,extended_unpaired,5,0,5,0,9,0,3,0,none,0
A_2AOJ,2,C/B,2AOJ,2,altloc,12,10,0,0,0,linear,0,linear,0,CxEEXxEECCCX,CxxxXxxxCCCX,sheet,extended_unpaired,4,0,4,0,8,0,2,0,none,0
B_P06873_3PTL,1,3PTL,3PTL,1,copies,10,10,0,0,0,linear,0,linear,0,CxxxxxxCCC,CxxxxxxCCC,extended_unpaired,extended_unpaired,0,0,0,0,1,0,0,0,none,0
B_P06873_3PTL,2,3OSZ,3OSZ,2,copies,10,10,0,0,0,linear,0,linear,0,CCxxCCxCxC,CCxxCCxCxC,extended_unpaired,extended_unpaired,0,0,0,0,0,0,0,0,none,0
A_3LIY,1,C/-,3LIY,1,altloc,9,8,1,0,0,linear,0,linear,0,CxEE?EExC,Cxxx?xxxC,sheet,extended_unpaired,4,0,4,0,8,0,2,0,none,0
A_3LIY,2,F/A,3LIY,1,altloc,8,7,1,0,0,linear,0,linear,0,CxEE?EEC,Cxxx?xxC,sheet,extended_unpaired,4,0,4,0,8,0,2,0,none,0
A_3LIY,3,F/B,3LIY,2,altloc,8,7,1,0,0,linear,0,linear,0,CxEE?EEC,Cxxx?xxC,sheet,extended_unpaired,4,0,4,0,8,0,2,0,none,0
A_3LIY,4,I/A,3LIY,1,altloc,8,7,1,0,0,linear,0,linear,0,CxEE?EEC,Cxxx?xxC,sheet,extended_unpaired,4,0,4,0,8,0,2,0,none,0
A_3LIY,5,I/B,3LIY,2,altloc,8,7,1,0,0,linear,0,linear,0,CxEE?EEC,Cxxx?xxC,sheet,extended_unpaired,4,0,4,0,8,0,2,0,none,0
A_2AOF,1,C/A,2AOF,1,altloc,11,9,0,0,0,linear,0,linear,0,CxCEXCEExCX,CxCxXCxxxCX,sheet,extended_unpaired,3,0,3,0,8,0,2,0,none,0
A_2AOF,2,C/C,2AOF,2,altloc,11,9,0,0,0,linear,0,linear,0,CxEEXCxxxCX,CxxxXCxxxCX,sheet,extended_unpaired,2,0,2,0,5,0,2,0,none,0
A_6BRA,1,C/A,6BRA,1,altloc,8,8,0,0,0,linear,0,linear,0,CEESxEEC,CxxSxxxC,sheet,turn_only,4,0,4,1,8,0,2,0,none,0
A_6BRA,2,C/B,6BRA,2,altloc,8,8,0,0,0,linear,0,linear,0,CEESxEEC,CxCSxxxC,sheet,turn_only,4,0,4,1,8,0,2,0,none,0
A_2ZNE,1,C/-,2ZNE,1,copies,15,15,0,0,0,linear,0,linear,0,CxCxxCxCCxxCCCC,CxCxxCxCCxxCCCC,extended_unpaired,extended_unpaired,0,0,0,2,1,0,0,0,none,0
A_2ZNE,2,D/-,2ZNE,2,copies,12,12,0,0,0,linear,0,linear,0,CCxSxxxxCxxC,CCxSxxxxCxxC,turn_only,turn_only,0,0,0,1,0,0,0,0,none,0
A_3UA7,1,E/-,3UA7,1,copies,9,8,0,0,0,linear,0,linear,0,XCPPPPPPC,XCPPPPPPC,ppii,ppii,0,0,0,0,0,0,0,6,none,0
A_3UA7,2,F/-,3UA7,2,copies,8,8,0,0,0,linear,0,linear,0,CPPPPPPC,CPPPPPPC,ppii,ppii,0,0,0,0,0,0,0,6,none,0
A_7TO8,1,C/A,7TO8,1,altloc,13,13,0,0,0,linear,0,linear,0,CTTHHHHHHHHHC,CTTHHHHHHHHHC,helix,helix,0,0,0,8,1,9,0,0,right,0
A_7TO8,2,C/B,7TO8,2,altloc,13,13,0,0,0,linear,0,linear,0,CTTHHHHHHHHHC,CTTHHHHHHHHHC,helix,helix,0,0,0,8,1,9,0,0,right,0
A_6FNZ,1,G/-,6FNZ,1,altloc,6,6,0,0,0,linear,0,linear,0,CxxxxC,CxxxxC,extended_unpaired,extended_unpaired,0,0,0,0,0,0,0,0,none,0
A_6FNZ,2,E/-,6FNZ,1,altloc,6,6,0,0,0,linear,0,linear,0,CxxxCC,CxxxCC,extended_unpaired,extended_unpaired,0,0,0,0,0,0,0,0,none,0
A_6FNZ,3,F/A,6FNZ,1,altloc,6,6,0,0,0,linear,0,linear,0,CxxxxC,CxxxxC,extended_unpaired,extended_unpaired,0,0,0,0,0,0,0,0,none,0
A_6FNZ,4,F/B,6FNZ,2,altloc,6,6,0,0,0,linear,0,linear,0,CxxxxC,CxxxxC,extended_unpaired,extended_unpaired,0,0,0,0,0,0,0,0,none,0
A_4EQJ,1,B/A,4EQJ,1,altloc,6,6,0,0,0,linear,0,linear,0,CExxxE,CxxxxC,extended_unpaired,extended_unpaired,2,0,2,0,5,0,1,0,none,0
A_4EQJ,2,B/B,4EQJ,2,altloc,6,6,0,0,0,linear,0,linear,0,CESxEC,CxSxxC,turn_only,turn_only,2,0,2,1,5,0,1,0,none,0
A_7TO9,1,C/A,7TO9,1,altloc,11,11,0,0,0,linear,0,linear,0,CCHHHHHHHHC,CCHHHHHHHHC,helix,helix,0,0,0,8,1,8,0,0,right,0
A_7TO9,2,C/B,7TO9,2,altloc,11,11,0,0,0,linear,0,linear,0,CCHHHHHHHHC,CCHHHHHHHHC,helix,helix,0,0,0,7,1,8,0,0,right,0
A_8IJ0,1,D/-,8IJ0,1,copies,11,11,0,0,0,linear,0,linear,0,CEECxxTTxEC,CxxCxxTTxxC,sheet,turn_only,3,0,3,0,5,0,2,0,none,0
A_8IJ0,2,C/-,8IJ0,2,copies,11,11,0,0,0,linear,0,linear,0,CEETTxxExxC,CxxTTxxxxxC,sheet,turn_only,3,0,3,0,5,0,2,0,none,0
A_4X34,1,C/-,4X34,1,copies,10,10,0,0,0,linear,0,linear,0,CxxxGGGGGC,CxxxGGGGGC,helix,helix,0,0,0,4,0,5,0,0,right,0
A_4X34,2,D/-,4X34,2,copies,8,8,0,0,0,linear,0,linear,0,CCSCTTCC,CCSCTTCC,turn_only,turn_only,0,0,0,4,0,0,0,0,none,0
A_5MYX,1,F/-,5MYX,1,copies,16,16,0,0,0,linear,0,linear,0,CxxGGGTExxCxTTCC,CxxGGGTTxxCxTTCC,turn_only,turn_only,1,0,1,2,2,3,1,0,right,0
A_5MYX,2,E/-,5MYX,2,copies,12,12,0,0,0,linear,0,linear,0,CxxTTCxCxxxC,CxxTTCxCxxxC,turn_only,turn_only,0,0,0,1,1,0,0,0,none,0
A_7VFL,1,C/-,7VFL,1,copies,8,8,0,0,0,linear,0,linear,0,CGGGGGxC,CGGGGGxC,helix,helix,0,0,0,4,0,5,0,0,right,0
A_7VFL,2,D/-,7VFL,2,copies,6,6,0,0,0,linear,0,linear,0,CTTCxC,CTTCxC,turn_only,turn_only,0,0,0,1,0,0,0,0,none,0
A_8FYU,1,C/-,8FYU,1,copies,10,10,0,0,0,linear,0,linear,0,CTTPPCSxxC,CTTPPCSxxC,turn_only,turn_only,0,0,0,1,0,0,0,2,none,0
A_8FYU,2,D/-,8FYU,2,copies,10,10,0,0,0,linear,0,linear,0,CxExxTTxxC,CxxxxTTxxC,turn_only,turn_only,1,0,1,1,2,0,1,0,none,0
A_6GQN,1,C/-,6GQN,1,copies,14,14,0,0,0,linear,0,linear,0,CCSCTTxTTGGGTC,CCSCTTxTTGGGTC,turn_only,turn_only,0,0,0,6,0,3,0,0,right,0
A_6GQN,2,D/-,6GQN,2,copies,13,13,0,0,0,linear,0,linear,0,CCxxxGGGGxxCC,CCxxxGGGGxxCC,helix,helix,0,0,0,3,0,4,0,0,right,0
A_7EC3,1,C/-,7EC3,1,copies,8,8,0,0,0,linear,0,linear,0,CTTTTTxC,CTTTTTxC,turn_only,turn_only,0,0,0,2,0,0,0,0,none,0
A_7EC3,2,D/-,7EC3,2,copies,6,6,0,0,0,linear,0,linear,0,CTTCxC,CTTCxC,turn_only,turn_only,0,0,0,1,0,0,0,0,none,0
A_5CS2,1,B/A,5CS2,1,altloc,7,7,0,0,0,macrocycle,1,head_to_tail_backbone_amide,1,CCxeCCe,CCxeCCe,extended_unpaired,extended_unpaired,2,2,0,3,0,0,1,0,none,0
A_5CS2,2,B/B,5CS2,2,altloc,7,7,0,0,0,macrocycle,1,head_to_tail_backbone_amide,1,CCxeCCe,CCxeCCe,extended_unpaired,extended_unpaired,2,2,0,3,0,0,1,0,none,0
A_5OJR,1,E/-,5OJR,1,copies,18,18,0,0,0,linear,0,linear,0,CEEExxCEEEPPPPEECE,CxxxxxCxxxPPPPxxCC,sheet,ppii,9,0,9,0,14,0,3,4,none,0
A_5OJR,2,F/-,5OJR,2,copies,17,17,0,0,0,linear,0,linear,0,CEEExxCEEEGGGGCxC,CxxxxxCxxxGGGGCxC,helix,helix,6,0,6,3,8,4,3,0,right,0
A_8Q7K,1,C/-,8Q7K,1,copies,9,9,0,0,0,linear,0,linear,0,CxCxxEEPC,CxCxxPPPC,sheet,ppii,2,0,2,0,3,0,2,1,none,0
A_8Q7K,2,D/-,8Q7K,2,copies,9,9,0,0,0,linear,0,linear,0,CxTTxEExC,CxTTxCxxC,sheet,turn_only,2,0,2,0,3,0,2,0,none,0
A_5MTW,1,F/-,5MTW,1,copies,12,12,0,0,0,linear,0,linear,0,CCSxxxxxxCxC,CCSxxxxxxCxC,turn_only,turn_only,0,0,0,1,1,0,0,0,none,0
A_5MTW,2,E/-,5MTW,1,copies,12,12,0,0,0,linear,0,linear,0,CxSxxxxxxCxC,CxSxxxxxxCxC,turn_only,turn_only,0,0,0,1,1,0,0,0,none,0
A_5MTW,3,G/-,5MTW,2,copies,12,12,0,0,0,linear,0,linear,0,CxSxxxxTTxCC,CxSxxxxTTxCC,turn_only,turn_only,0,0,0,1,1,0,0,0,none,0
A_2WP2,1,D/-,2WP2,1,copies,12,11,0,0,0,linear,0,linear,0,CxxCxxCCCxCX,CxxCxxCCCxCX,extended_unpaired,extended_unpaired,0,0,0,0,0,0,0,0,none,0
A_2WP2,2,C/-,2WP2,2,copies,10,9,0,0,0,linear,0,linear,0,CCxxCCTTCX,CCxxCCTTCX,turn_only,turn_only,0,0,0,0,0,0,0,0,none,0
A_5UN8,1,G/-,5UN8,1,copies,9,9,0,0,0,linear,0,linear,0,CxTTxPPPC,CxTTxPPPC,ppii,ppii,0,0,0,1,0,0,0,3,none,0
A_5UN8,2,E/-,5UN8,2,copies,7,7,0,0,0,linear,0,linear,0,CCxSxxC,CCxSxxC,turn_only,turn_only,0,0,0,1,0,0,0,0,none,0
A_5UN8,3,F/-,5UN8,2,copies,8,8,0,0,0,linear,0,linear,0,CCxSxxxC,CCxSxxxC,turn_only,turn_only,0,0,0,1,0,0,0,0,none,0
A_5UN8,4,H/-,5UN8,1,copies,8,8,0,0,0,linear,0,linear,0,CxTTxxxC,CxTTxxxC,turn_only,turn_only,0,0,0,1,0,0,0,0,none,0
A_3G2S,1,C/-,3G2S,1,altloc,11,11,0,0,0,linear,0,linear,0,CxxCxxPPPPC,CxxCxxPPPPC,ppii,ppii,0,0,0,0,0,0,0,4,none,0
A_3G2S,2,D/A,3G2S,2,altloc,11,11,0,0,0,linear,0,linear,0,CCxxPPPPPPC,CCxxPPPPPPC,ppii,ppii,0,0,0,0,0,0,0,6,none,0
A_3G2S,3,D/B,3G2S,2,altloc,11,11,0,0,0,linear,0,linear,0,CCxxPPPPPPC,CCxxPPPPPPC,ppii,ppii,0,0,0,0,0,0,0,6,none,0
A_5N8E,1,E/-,5N8E,1,altloc,13,12,0,0,0,linear,0,linear,0,CxCxxGGGTCxCX,CxCxxGGGTCxCX,turn_only,turn_only,0,0,0,3,1,3,0,0,right,0
A_5N8E,2,F/-,5N8E,1,altloc,12,11,0,0,0,linear,0,linear,0,CCxxGGGGCxCX,CCxxGGGGCxCX,helix,helix,0,0,0,4,1,4,0,0,right,0
A_5N8E,3,G/A,5N8E,2,altloc,12,11,0,0,0,linear,0,linear,0,CCxxGGGxxECX,CCxxGGGxxxCX,extended_unpaired,extended_unpaired,1,0,1,2,2,3,1,0,right,0
A_5N8E,4,G/B,5N8E,2,altloc,12,11,0,0,0,linear,0,linear,0,CCxxGGGTxECX,CCxxGGGTxxCX,turn_only,turn_only,1,0,1,2,2,3,1,0,right,0
A_1UK4,1,D/-,1UK4,1,copies,6,5,0,0,0,linear,0,linear,0,CxxxCX,CxxxCX,extended_unpaired,extended_unpaired,0,0,0,0,2,0,0,0,none,0
A_1UK4,2,C/-,1UK4,2,copies,6,5,0,0,0,linear,0,linear,0,CxxCCX,CxxCCX,extended_unpaired,extended_unpaired,0,0,0,0,2,0,0,0,none,0
A_9KZS,1,C/-,9KZS,1,copies,5,5,0,0,0,linear,0,linear,0,CxEEC,CxxxC,sheet,extended_unpaired,2,0,2,0,4,0,2,0,none,0
A_9KZS,2,D/-,9KZS,2,copies,5,5,0,0,0,linear,0,linear,0,CEECC,CxxCC,sheet,extended_unpaired,2,0,2,0,5,0,2,0,none,0
A_7MX1,1,D/-,7MX1,1,copies,6,5,0,0,0,linear,0,linear,0,XCCExC,XCCxxC,extended_unpaired,extended_unpaired,1,0,1,0,3,0,1,0,none,0
A_7MX1,2,C/-,7MX1,2,copies,6,5,0,0,0,linear,0,linear,0,XCEExC,XCxxxC,sheet,extended_unpaired,2,0,2,0,4,0,2,0,none,0
A_9L7N,1,C/-,9L7N,1,copies,6,6,0,0,0,linear,0,linear,0,CPPECC,CPPPCC,none_or_coil,ppii,1,0,1,0,3,0,1,2,none,0
A_9L7N,2,D/-,9L7N,2,copies,6,6,0,0,0,linear,0,linear,0,CxECSC,CxCCSC,turn_only,turn_only,1,0,1,1,4,0,1,0,none,0
