Peptide No.	1	2	3	4	5	6	7	8	9	10	11	12	13	14	15	16	17	18	19	20	21	22	23	24	25	26
1	K	R	R	W	K	K	N	F	I	A	V	S	A	A	N	R	F	K	K	I	S	S	S	G	A	L
2	K	R	A	W	K	K	N	F	I	A	V	S	A	A	N	R	F	K	K	I	S	S	S	G	A	L
3	K	R	R	A	K	K	N	F	I	A	V	S	A	A	N	R	F	K	K	I	S	S	S	G	A	L
4	K	R	R	W	A	K	N	F	I	A	V	S	A	A	N	R	F	K	K	I	S	S	S	G	A	L
5	K	R	R	W	K	A	N	F	I	A	V	S	A	A	N	R	F	K	K	I	S	S	S	G	A	L
6	K	R	R	W	K	K	A	F	I	A	V	S	A	A	N	R	F	K	K	I	S	S	S	G	A	L
7	K	R	R	W	K	K	N	A	I	A	V	S	A	A	N	R	F	K	K	I	S	S	S	G	A	L
8	K	R	R	W	K	K	N	F	A	A	V	S	A	A	N	R	F	K	K	I	S	S	S	G	A	L
9	K	R	R	W	K	K	N	F	I	A	A	S	A	A	N	R	F	K	K	I	S	S	S	G	A	L
10	K	R	R	W	K	K	N	F	I	A	V	A	A	A	N	R	F	K	K	I	S	S	S	G	A	L
11	K	R	R	W	K	K	N	F	I	A	V	S	A	A	A	R	F	K	K	I	S	S	S	G	A	L
12	K	R	R	W	K	K	N	F	I	A	V	S	A	A	N	A	F	K	K	I	S	S	S	G	A	L
13	K	R	R	W	K	K	N	F	I	A	V	S	A	A	N	R	A	K	K	I	S	S	S	G	A	L
14	K	R	R	W	K	K	N	F	I	A	V	S	A	A	N	R	F	A	K	I	S	S	S	G	A	L
15	K	R	R	W	K	K	N	F	I	A	V	S	A	A	N	R	F	K	A	I	S	S	S	G	A	L
16	K	R	R	W	K	K	N	F	I	A	V	S	A	A	N	R	F	K	K	A	S	S	S	G	A	L
17	K	R	R	W	K	K	N	F	I	A	V	S	A	A	N	R	F	K	K	I	A	S	S	G	A	L
