,Peptide No.,IC50 (MDMX) nM,IC50 (MDMX) M,pIC50
0,pDIQ,100,1.0000000000000001e-07,7.0
1,p53,6000,6e-06,5.221848749616356
2,pMI,40,4e-08,7.3979400086720375
3,pDI,550,5.5e-07,6.259637310505756
4,6W,250,2.5000000000000004e-07,6.6020599913279625
5,6N,4000,4.000000000000001e-06,5.3979400086720375
6,6W9S,500,5.000000000000001e-07,6.301029995663981
7,6W8S9S,800,8.000000000000001e-07,6.096910013008056
8,1E6W,200,2.0000000000000002e-07,6.698970004336019
9,6W8S,180,1.8000000000000002e-07,6.7447274948966935
10,6W11L,140,1.4e-07,6.853871964321762
