peptide,measure,p_potency
SYN1327,IC50,6.3098
SYN746,IC50,4.3979
1,IC50,3.6216
2,IC50,4.5686
3,IC50,3.9586
4,IC50,3.6021
5,IC50,4.6198
6,IC50,4.1739
7,IC50,4.4685
8,IC50,4.5086
9,IC50,4.0605
17,IC50,3.9031
18,IC50,3.9706
20,IC50,4.0177
21,IC50,4.5229
22,IC50,4.6778
23,IC50,4.6990
24,IC50,3.9031
25,IC50,3.9031
26,IC50,3.3010
27,IC50,5.6990
28,IC50,4.7447
29,IC50,5.6990
30,IC50,5.6990
31,IC50,4.7959
32,IC50,5.7696
33,IC50,5.6990
35,IC50,3.9031
36,IC50,3.6021
37,IC50,3.9031
38,IC50,4.5686
39,IC50,6.0458
40,IC50,5.7959
41,IC50,3.9031
42,IC50,5.6778
44,IC50,6.3768
47,IC50,4.2441
50,IC50,5.8539
51,IC50,5.0915
52,IC50,4.9208
53,IC50,4.7447
54,IC50,4.8861
55,IC50,4.8861
56,IC50,5.6198
57,IC50,5.5086
58,IC50,5.3010
59,IC50,5.3872
60,IC50,5.4437
61,IC50,5.0269
62,IC50,5.5528
63,IC50,5.4949
64,IC50,4.7696
65,IC50,5.6990
66,IC50,5.3468
67,IC50,5.3468
68,IC50,5.4318
69,IC50,5.2291
70,IC50,5.3665
71,IC50,4.6778
72,IC50,5.8861
73,IC50,5.4949
74,IC50,4.4089
75,IC50,3.6021
76,IC50,4.6576
77,IC50,5.7696
78,IC50,5.7696
79,IC50,4.9431
80,IC50,3.9031
81,IC50,3.9031
82,IC50,3.9031
83,IC50,3.9031
84,IC50,3.9031
