	Unnamed: 0	Peptide No.	IC50 (μM)	Mismatches	1	2	3	4	5	6	7	8	9	10	11	12	13	14	15	16	17	18	19	20	21	22	23	24	25
0	0	SYN1327	0.49	0	-	-	-	R	F	Pen	T	G	H	F	G	Sar	NMeLeu	Y	P	C	-	-	-	-	-	-	-	-	-
1	1	SYN746	40 ± 15 (n = 4)	3	-	-	Q	R	F	C	T	G	H	F	G	G	L	Y	P	C	N	G	P	-	-	-	-	-	-
2	3	1	239	3	-	-	-	-	-	C	T	G	H	F	G	G	L	Y	P	C	N	G	P	-	-	-	-	-	-
3	4	2	27	3	-	-	Q	R	F	C	T	G	H	F	G	G	L	Y	P	C	-	-	-	-	-	-	-	-	-
4	5	3	110	3	-	-	-	-	-	C	T	G	H	F	G	G	L	Y	P	C	-	-	-	-	-	-	-	-	-
5	6	4	>250	2	-	-	-	-	-	-	T	G	H	F	G	G	L	Y	P	-	-	-	-	-	-	-	-	-	-
6	7	5	24	3	-	-	-	R	F	C	T	G	H	F	G	G	L	Y	P	C	N	G	P	-	-	-	-	-	-
7	8	6	67	3	-	-	-	-	F	C	T	G	H	F	G	G	L	Y	P	C	N	G	P	-	-	-	-	-	-
8	9	7	34	3	-	-	Q	R	F	C	T	G	H	F	G	G	L	Y	P	C	N	G	-	-	-	-	-	-	-
9	10	8	31	3	-	-	Q	R	F	C	T	G	H	F	G	G	L	Y	P	C	N	-	-	-	-	-	-	-	-
10	11	9	87	3	-	-	-	R	F	C	T	G	H	F	G	G	L	Y	P	C	-	-	-	-	-	-	-	-	-
11	19	17	>125	3	-	-	Q	R	F	C	T	G	H	F	G	A	L	Y	P	C	N	G	P	-	-	-	-	-	-
12	20	18	107	3	-	-	Q	R	F	C	T	G	H	F	G	G	A	Y	P	C	N	G	P	-	-	-	-	-	-
13	22	20	96	3	-	-	Q	R	F	C	T	G	H	F	G	G	L	Y	A	C	N	G	P	-	-	-	-	-	-
14	23	21	30	3	-	-	Q	R	F	C	T	G	H	F	G	G	L	Y	P	C	A	G	P	-	-	-	-	-	-
15	24	22	21	3	-	-	Q	R	F	C	T	G	H	F	G	G	L	Y	P	hC	N	G	P	-	-	-	-	-	-
16	25	23	20	3	-	-	Q	R	F	hC	T	G	H	F	G	G	L	Y	P	hC	N	G	P	-	-	-	-	-	-
17	26	24	>125	3	-	-	Q	R	F	c	T	G	H	F	G	G	L	Y	P	C	N	G	P	-	-	-	-	-	-
18	27	25	125	3	-	-	Q	R	F	C	T	G	H	F	G	G	L	Y	P	c	N	G	P	-	-	-	-	-	-
19	28	26	>500	3	-	-	Q	R	F	c	T	G	H	F	G	G	L	Y	P	c	N	G	P	-	-	-	-	-	-
20	29	27	2	2	-	-	Q	R	F	Pen	T	G	H	F	G	G	L	Y	P	C	N	G	P	-	-	-	-	-	-
21	30	28	18	3	-	-	Q	R	F	C	T	G	H	F	G	G	L	Y	P	Pen	N	G	P	-	-	-	-	-	-
22	31	29	2	2	-	-	Q	R	F	Pen	T	G	H	F	G	G	L	Y	P	Pen	N	G	P	-	-	-	-	-	-
23	32	30	2	2	-	-	Q	R	F	Pen	T	G	H	F	G	G	L	Y	P	hC	N	G	P	-	-	-	-	-	-
24	33	31	16	3	-	-	Q	R	F	hC	T	G	H	F	G	G	L	Y	P	Pen	N	G	P	-	-	-	-	-	-
25	34	32	1.7	2	-	-	-	-	F	Pen	T	G	H	F	G	G	L	Y	P	C	-	-	-	-	-	-	-	-	-
26	35	33	2.0	2	-	-	-	R	F	Pen	T	G	H	F	G	G	L	Y	P	C	-	-	-	-	-	-	-	-	-
27	37	35	>125	3	-	-	Q	R	F	Pen	T	Sar	H	F	G	G	L	Y	P	C	N	G	P	-	-	-	-	-	-
28	38	36	>250	3	-	-	-	R	F	Pen	T	G	NMeHis	F	G	G	L	Y	P	C	-	-	-	-	-	-	-	-	-
29	39	37	>125	3	-	-	Q	R	F	Pen	T	G	H	NMePhe	G	G	L	Y	P	C	N	G	P	-	-	-	-	-	-
30	40	38	27	3	-	-	Q	R	F	Pen	T	G	H	F	Sar	G	L	Y	P	C	N	G	P	-	-	-	-	-	-
31	41	39	0.9	1	-	-	Q	R	F	Pen	T	G	H	F	G	Sar	L	Y	P	C	N	G	P	-	-	-	-	-	-
32	42	40	1.6	1	-	-	Q	R	F	Pen	T	G	H	F	G	G	NMeLeu	Y	P	C	N	G	P	-	-	-	-	-	-
33	43	41	>125	3	-	-	Q	R	F	Pen	T	G	H	F	G	G	L	NMeTyr	P	C	N	G	P	-	-	-	-	-	-
34	44	42	2.1	1	-	-	-	R	F	Pen	T	G	H	F	G	G	NMeLeu	Y	P	C	-	-	-	-	-	-	-	-	-
35	46	44	0.42	0	-	-	Q	R	F	Pen	T	G	H	F	G	Sar	NMeLeu	Y	P	C	N	G	P	-	-	-	-	-	-
36	49	47	57	3	-	-	Q	R	F	C	T	G	H	F	G	a	L	Y	P	C	N	G	P	-	-	-	-	-	 
37	52	50	1.4	2	-	-	Q	R	F	Pen	T	G	H	F	G	p	L	Y	P	C	N	G	P	-	-	-	-	-	 
38	53	51	8.1	2	-	-	Q	R	F	Pen	T	G	H	F	G	r	L	Y	P	C	N	G	P	-	-	-	-	-	 
39	54	52	12	2	-	-	Q	R	F	Pen	T	G	H	F	G	h	L	Y	P	C	N	G	P	-	-	-	-	-	 
40	55	53	18	2	-	-	Q	R	F	Pen	T	G	H	F	G	i	L	Y	P	C	N	G	P	-	-	-	-	-	 
41	56	54	13	2	-	-	Q	R	F	Pen	T	G	H	F	G	f	L	Y	P	C	N	G	P	-	-	-	-	-	 
42	57	55	13	2	-	-	Q	R	F	Pen	T	G	H	F	G	y	L	Y	P	C	N	G	P	-	-	-	-	-	 
43	58	56	2.4	2	-	-	Q	R	F	Pen	T	G	H	F	G	Aib	L	Y	P	C	N	G	P	-	-	-	-	-	 
44	59	57	3.1	3	-	-	Q	R	F	Pen	T	G	H	F	d	G	L	Y	P	C	N	G	P	-	-	-	-	-	 
45	60	58	5	3	-	-	Q	R	F	Pen	T	G	H	F	p	G	L	Y	P	C	N	G	P	-	-	-	-	-	 
46	61	59	4.1	3	-	-	Q	R	F	Pen	T	G	H	F	r	G	L	Y	P	C	N	G	P	-	-	-	-	-	 
47	62	60	3.6	3	-	-	Q	R	F	Pen	T	G	H	F	h	G	L	Y	P	C	N	G	P	-	-	-	-	-	 
48	63	61	9.4	3	-	-	Q	R	F	Pen	T	G	H	F	i	G	L	Y	P	C	N	G	P	-	-	-	-	-	 
49	64	62	2.8	3	-	-	Q	R	F	Pen	T	G	H	F	f	G	L	Y	P	C	N	G	P	-	-	-	-	-	 
50	65	63	3.2	3	-	-	Q	R	F	Pen	T	G	H	F	y	G	L	Y	P	C	N	G	P	-	-	-	-	-	 
51	66	64	17	3	-	-	Q	R	F	Pen	T	G	H	F	Aib	G	L	Y	P	C	N	G	P	-	-	-	-	-	 
52	67	65	2	2	-	-	Q	R	F	Pen	T	G	H	F	G	a	L	Y	P	C	N	G	P	-	-	-	-	-	 
53	68	66	4.5	3	-	-	Q	R	F	Pen	T	G	H	F	a	G	L	Y	P	C	N	G	P	-	-	-	-	-	 
54	69	67	4.5	3	-	-	Q	R	F	Pen	T	G	H	F	a	a	L	Y	P	C	N	G	P	-	-	-	-	-	 
55	70	68	3.7	3	-	-	Q	R	F	Pen	T	G	H	F	a	p	L	Y	P	C	N	G	P	-	-	-	-	-	 
56	71	69	5.9	3	-	-	Q	R	F	Pen	T	G	H	F	f	p	L	Y	P	C	N	G	P	-	-	-	-	-	 
57	72	70	4.3	3	-	-	Q	R	F	Pen	T	G	H	F	f	a	L	Y	P	C	N	G	P	-	-	-	-	-	 
58	73	71	21	3	-	-	Q	R	F	Pen	T	G	H	F	p	p	L	Y	P	C	N	G	P	-	-	-	-	-	 
59	74	72	1.3	2	-	-	Q	R	F	Pen	T	G	H	F	f	G	NMeLeu	Y	P	C	N	G	P	-	-	-	-	-	-
60	75	73	3.2	2	-	-	Q	R	F	Pen	T	G	H	F	a	G	NMeLeu	Y	P	C	N	G	P	-	-	-	-	-	-
61	76	74	39	3	-	-	Q	R	F	Pen	T	G	H	F	f	G	P	Y	P	C	N	G	P	-	-	-	-	-	 
62	77	75	>250	3	-	-	Q	R	F	Pen	T	G	H	F	p	P	L	Y	P	C	N	G	P	-	-	-	-	-	 
63	78	76	22	3	-	-	Q	R	F	Pen	T	G	H	F	f	P	L	Y	P	C	N	G	P	-	-	-	-	-	 
64	79	77	1.7	2	-	-	Q	R	F	Pen	T	G	H	F	a	Sar	L	Y	P	C	N	G	P	-	-	-	-	-	-
65	80	78	1.7	3	-	-	Q	r	F	Pen	T	G	H	F	G	G	L	Y	P	C	N	G	P	-	-	-	-	-	 
66	81	79	11.4	3	-	-	Q	R	f	Pen	T	G	H	F	G	G	L	Y	P	C	N	G	P	-	-	-	-	-	 
67	82	80	>125	3	-	-	Q	R	F	Pen	t	G	H	F	G	G	L	Y	P	C	N	G	P	-	-	-	-	-	 
68	83	81	>125	3	-	-	Q	R	F	Pen	T	G	H	f	G	G	L	Y	P	C	N	G	P	-	-	-	-	-	 
69	84	82	>125	2	-	-	Q	R	F	Pen	T	G	H	F	G	G	l	Y	P	C	N	G	P	-	-	-	-	-	 
70	85	83	>125	3	-	-	Q	R	F	Pen	T	G	H	F	G	G	L	y	P	C	N	G	P	-	-	-	-	-	 
71	86	84	>125	2	-	-	Q	R	F	Pen	T	G	H	F	G	G	L	Y	p	C	N	G	P	-	-	-	-	-	-
