source,doi,direction,evidence,decision
2023_Ohta,https://doi.org/10.1021/jacs.3c07145,AB,"Methods (main text): ""FaSSIF/HBSS buffer (pH 6.0) containing the compound and 1% DMSO was added to the apical side, and HBSS buffer containing 4% BSA (pH 7.4) was added to the basal side... 180 min after initiation, samples on the basal side were collected"". Clear A→B.",keep
2018_CHUGAI,https://patents.google.com/patent/WO2018225864A1,AB,"CycpeptMPDB_Sources_List.csv Measurement_Direction_1 = ""Apical to Basolateral (AB)""",keep
2015_Wang,https://doi.org/10.1016/j.ejmech.2015.04.049,AB,"CycpeptMPDB_Sources_List.csv Measurement_Direction_2 = ""Apical to Basolateral (AB)""",keep
2022_Bhardwaj,https://doi.org/10.1016/j.cell.2022.07.019,AB,"CycpeptMPDB_Sources_List.csv Measurement_Direction = ""Apical to Basolateral (AB)""",keep
2018_Buckton,https://doi.org/10.1021/acs.orglett.7b03363,AB,"CycpeptMPDB_Sources_List.csv Measurement_Direction = ""Apical to Basolateral (AB)""",keep
2015_Hewitt,https://doi.org/10.1021/jacs.5b03284,AB,"CycpeptMPDB_Sources_List.csv Measurement_Direction = ""Apical to Basolateral (AB)""",keep
2015_Bockus_2,https://doi.org/10.1021/acs.jmedchem.5b00919,AB,"CycpeptMPDB_Sources_List.csv Measurement_Direction = ""Apical to Basolateral (AB)""",keep
2018_Ramalho,https://doi.org/10.1021/acs.jnatprod.8b00447,AB,"CycpeptMPDB_Sources_List.csv Measurement_Direction = ""Apical to Basolateral (AB)""",keep
2016_Furukawa,https://doi.org/10.1021/acs.jmedchem.6b01246,AB,"CycpeptMPDB_Sources_List.csv Measurement_Direction = ""Apical to Basolateral (AB)""",keep
2012_Rand,https://doi.org/10.1021/ja303200d,AB,"CycpeptMPDB_Sources_List.csv Measurement_Direction = ""Apical to Basolateral (AB)""",keep
2020_Le Roux,https://doi.org/10.1021/acs.jmedchem.0c00013,AB+BA_avg,"CycpeptMPDB_Sources_List.csv: ""Average of Apical to Basolateral (AB) and Basolateral to Apical (BA)""",drop_averaged
2021_Comeau,https://doi.org/10.1021/acs.jmedchem.0c02036,AB+BA_avg,"CycpeptMPDB_Sources_List.csv: ""Average of Apical to Basolateral (AB) and Basolateral to Apical (BA)""",drop_averaged
2015_Marelli,https://doi.org/10.1002/chem.201501270,AB+BA_avg,"CycpeptMPDB_Sources_List.csv: ""Average of Apical to Basolateral (AB) and Basolateral to Apical (BA)""",drop_averaged
2021_Lee,https://doi.org/10.1021/acs.jmedchem.1c00211,AB+BA_avg,"CycpeptMPDB_Sources_List.csv: ""Average of Apical to Basolateral (AB) and Basolateral to Apical (BA)""",drop_averaged
2013_Zaretsky,,AB+BA_avg,"CycpeptMPDB_Sources_List.csv: ""Average of Apical to Basolateral (AB) and Basolateral to Apical (BA)""",drop_averaged
2023_Tanada,https://doi.org/10.1021/jacs.3c03886,AB,"SI section 6 ""Caco-2 permeability assay"" verbatim (`ja3c03886_si_001.pdf`): ""FaSSIF/HBSS buffer (pH 6.0) containing the compound and 1% DMSO was added to the Apical side, and HBSS buffer containing 4% BSA (pH 7.4) was added to the Basal side, and membrane permeability assays were initiated... samples on the Basal side were collected, and the amount of compound was determined by LC-MS"". Identical Chugai protocol to 2023_Ohta and 2018_CHUGAI. Clean A→B.",keep
2023_Ghosh,https://doi.org/10.1038/s41467-023-41748-y,AB+BA_avg,"Paper Supplementary Tables 4+6 report A→B and B→A Papp per compound (10, 10a-f and 13, 13a-f). For each measurable Ghosh entry the CycPeptMPDB-stored Caco2 value matches log10((AB+BA)/2) exactly to two decimals (e.g. ID 7452 compound 10: paper AB=0.8 and BA=12.5 ×10⁻⁶ cm/s → log10(6.65 ×10⁻⁶) = -5.18, DB stores -5.18; same exact match across 10a, 10c, 10e, 10f). The 7 compound-13 series rows are BLOD because both AB and BA were 0 in the paper. So CycPeptMPDB applied the AB+BA arithmetic mean convention to Ghosh data despite not labeling it that way in the bibliography snapshot — same convention as Le Roux/Comeau/Marelli/Lee-2021/Zaretsky.",drop_averaged
2022_Taechalertpaisarn,https://doi.org/10.1021/acs.jmedchem.2c00010,unspecified_outsourced,"Main text methods: ""The Caco-2 assay was performed by Axcelead Drug Discovery Partners, Inc. (Kanagawa, Japan)."" SI (`jm2c00010_si_001.pdf`) inspected: Caco-2 appears once as a column header in a results table; no methods section for Caco-2 (only PAMPA methods are described). Direction therefore unconfirmed in both main text and SI.",drop_unverified
2024_Kage,https://doi.org/10.1016/j.bmc.2024.117830,AB,"Kage et al. Bioorg. Med. Chem. 2024, 110, 117830 (Chugai LUNA18 follow-up). Main text §4.5 ""Caco-2 permeability assay"" verbatim: ""compound were added to the Apical side and DMEM was added to the Basal side... HBSS buffer (pH 6.0) containing the compound and 1% DMSO was added to the Apical side, and HBSS buffer containing 4% BSA (pH 7.4) was added to the Basal side, and membrane permeability assays were initiated"". Identical Chugai protocol to Ohta and Tanada. Clean A→B.",keep
2024_Ly,https://doi.org/10.1021/acs.jmedchem.3c02162,unusable,"Ly et al. J. Med. Chem. 2024, 67, 3711-3726. Paper itself reports: ""Caco-2 permeation assays were also attempted; however, pyrrole-containing macrocycles seemed to degrade during the assay. Only furan-containing macrocycles were therefore assayed in Caco-2; however, no conclusive structure–permeability data could be extracted"". The 10 Caco-2 rows CycPeptMPDB stores are flagged unusable by the source itself.",drop_unverified
2024_Bergeron,,unknown,"DOI not found via web search; could not access paper to verify direction.",drop_unverified
