source,doi,paper_title,membrane_fine,membrane_class
2020_Townsend,https://doi.org/10.26434/chemrxiv.13335941.v1,"The Passive Permeability Landscape Around Geometrically Diverse Hexa- and Heptapeptide Macrocycles","1% lecithin/n-dodecane (Lokey-lab Avdeef-style)","lecithin/dodecane"
2021_Kelly,https://doi.org/10.1021/jacs.0c06115,"Geometrically Diverse Lariat Peptide Scaffolds Reveal an Untapped Chemical Space of High Membrane Permeability","1% lecithin/n-dodecane (Lokey-lab Avdeef-style)","lecithin/dodecane"
2013_CHUGAI,https://patents.google.com/patent/WO2013100132A1/en,"WO2013100132A1 (Peptide-compound cyclization method, Chugai Pharma)","Chugai biomimetic: 10% w/v egg lecithin + 0.5% w/v cholesterol; PVDF filter; pH 6.5 MOPSO + 5% glycocholic acid","Chugai biomimetic"
2016_Furukawa,https://doi.org/10.1021/acs.jmedchem.6b01246,"Passive Membrane Permeability in Cyclic Peptomer Scaffolds Is Robust to Extensive Variation in Side Chain Functionality and Backbone Geometry","1% lecithin/n-dodecane (Lokey-lab Avdeef-style)","lecithin/dodecane"
2022_Bhardwaj,https://doi.org/10.1016/j.cell.2022.07.019,"Accurate de novo design of membrane-traversing macrocycles","Corning BioCoat Pre-coated PAMPA Plate (Kansy et al., 1998) — ~2% lecithin in dodecane","lecithin/dodecane"
2018_Naylor,https://doi.org/10.1021/acs.jmedchem.8b01259,"Lipophilic Permeability Efficiency Reconciles the Opposing Roles of Lipophilicity in Membrane Permeability and Aqueous Solubility","1% lecithin/n-dodecane (Lokey-lab Avdeef-style; PAMPA reported as secondary; primary RRCK)","lecithin/dodecane"
2022_Taechalertpaisarn,https://doi.org/10.1021/acs.jmedchem.2c00010,"A new amino acid for improving permeability and solubility in macrocyclic peptides through side chain-to-backbone hydrogen bonding","1% (w/v) lecithin (soybean, 90%) in n-dodecane","lecithin/dodecane"
2015_Wang,https://doi.org/10.1016/j.ejmech.2015.04.049,"Exploring experimental and computational markers of cyclic peptides: Charting islands of permeability","BD Gentest pre-coated PAMPA plate: DOPC + hexadecane trilayer (PVDF filter with DOPC monolayer + hexadecane oil)","DOPC/hexadecane"
2020_Le Roux,https://doi.org/10.1021/acs.jmedchem.0c00013,"Structure-Permeability Relationship of Semipeptidic Macrocycles - Understanding and Optimizing Passive Permeability and Efflux Ratio","1.8% (w/v) lecithin in dodecane","lecithin/dodecane"
2021_Comeau,https://doi.org/10.1021/acs.jmedchem.0c02036,"Modulation of the Passive Permeability of Semipeptidic Macrocycles: N- and C-Methylations Fine-Tune Conformation and Properties","2% lecithin in dodecane, pH 6.4, PVDF Millipore filter","lecithin/dodecane"
2020_Furukawa,https://doi.org/10.1002/anie.202004550,"Drug-Like Properties in Macrocycles above MW 1000: Backbone Rigidity versus Side-Chain Lipophilicity","1% lecithin/n-dodecane (Lokey-lab Avdeef-style)","lecithin/dodecane"
2015_Ahlbach,https://doi.org/10.4155/fmc.15.78,"Beyond cyclosporine A: conformation-dependent passive membrane permeabilities of cyclic peptide natural products","1% lecithin/n-dodecane (Lokey-lab Avdeef-style)","lecithin/dodecane"
2020_Barlow,https://doi.org/10.1021/acschembio.0c00218,"Improving Membrane Permeation in the Beyond Rule-of-Five Space by Using Prodrugs to Mask Hydrogen Bond Donors","2.5% lecithin in dodecane (Pion Stirwell sandwich plates)","lecithin/dodecane"
2021_Wang,https://doi.org/10.1021/acs.jmedchem.1c00775,"Effect of Flexibility, Lipophilicity, and the Location of Polar Residues on the Passive Membrane Permeability of a Series of Cyclic Decapeptides","9-10 μm pure hexadecane liquid layer on polycarbonate filter (no phospholipid)","hexadecane only"
2022_Lee,https://doi.org/10.1016/j.bmc.2022.116862,"Entry inhibition of hepatitis B virus using cyclosporin O derivatives with peptoid side chain incorporation","1% lecithin/n-dodecane (Lokey-lab Avdeef-style)","lecithin/dodecane"
2021_Golosov,https://doi.org/10.1021/acs.jmedchem.0c01505,"Design of Thioether Cyclic Peptide Scaffolds with Passive Permeability and Oral Exposure (Novartis)","undocumented in CycPeptMPDB (Assay_Detail field is N.D.)","undocumented"
2017_Pye,https://doi.org/10.1021/acs.jmedchem.6b01483,"Nonclassical Size Dependence of Permeation Defines Bounds for Passive Adsorption of Large Drug Molecules","1% lecithin/n-dodecane (Lokey-lab Avdeef-style)","lecithin/dodecane"
2016_Hickey,https://doi.org/10.1021/acs.jmedchem.6b00222,"Passive Membrane Permeability of Macrocycles Can Be Controlled by Exocyclic Amide Bonds","1.8% (w/v) lecithin in dodecane; phosphate pH 7.4; 16 h R.T.","lecithin/dodecane"
2015_Bockus_2,https://doi.org/10.1021/acs.jmedchem.5b00919,"Going Out on a Limb: Delineating The Effects of beta-Branching, N-Methylation, and Side Chain Size on Sanguinamide A Analogues","1% lecithin/n-dodecane (Lokey-lab Avdeef-style)","lecithin/dodecane"
2015_Bockus_1,https://doi.org/10.1021/acs.jmedchem.5b00128,"Probing the Physicochemical Boundaries of Cell Permeability and Oral Bioavailability in Lipophilic Macrocycles Inspired by Natural Products","1% lecithin/n-dodecane (Lokey-lab Avdeef-style)","lecithin/dodecane"
2016_Frost,https://doi.org/10.1038/nchem.2636,"Oxadiazole grafts in peptide macrocycles","undocumented in CycPeptMPDB (Assay_Detail field is N.D.)","undocumented"
2006_Rezai_2,https://doi.org/10.1021/ja063076p,"Conformational flexibility, internal hydrogen bonding, and passive membrane permeability","1% lecithin/dodecane (Millipore PAMPA library protocol)","lecithin/dodecane"
2020_Hosono,https://doi.org/10.26434/chemrxiv.12272861.v1,"Amide-to-Ester Substitution Improves Membrane Permeability of a Cyclic Peptide without Altering Its Three-Dimensional Structure","1% lecithin/n-dodecane (Lokey-lab Avdeef-style; MultiScreen-IP Millipore)","lecithin/dodecane"
2022_Saunders,https://doi.org/10.1002/ange.202206866,"Property-Driven Development of Passively Permeable Macrocyclic Scaffolds Using Heterocycles","1% lecithin/n-dodecane (following Lokey-lab procedure)","lecithin/dodecane"
2006_Rezai_1,https://doi.org/10.1021/ja0563455,"Testing the conformational hypothesis of passive membrane permeability using synthetic cyclic peptide diastereomers","1% lecithin/dodecane (Millipore PAMPA library protocol)","lecithin/dodecane"
2015_Marelli,https://doi.org/10.1002/chem.201501270,"Enantiomeric Cyclic Peptides with Different Caco-2 Permeability Suggest Carrier-Mediated Transport","2% lecithin in dodecane (Pion default proprietary System Solution)","lecithin/dodecane"
2022_Tamura,https://doi.org/10.1246/bcsj.20210409,"Chemical Synthesis and Cell-Free Expression of Thiazoline Ring-Bridged Cyclic Peptides","Custom L-α-phosphatidylcholine 1.67% w/v (Avanti Cat. 840051P)","custom PC"
2019_Ono,https://doi.org/10.1021/acs.jcim.9b00217,"Conformation and Permeability: Cyclic Hexapeptide Diastereomers","1% (w/v) lecithin (soybean) in n-dodecane","lecithin/dodecane"
2018_Kaneda,https://doi.org/10.1021/acsmedchemlett.8b00028,"Structure-Activity Relationship Study on Odoamide","Corning Gentest pre-coated PAMPA Plate System: DOPC + hexadecane trilayer","DOPC/hexadecane"
2018_Lee,https://doi.org/10.1002/pep2.24063,"Converting polar cyclic peptides into membrane permeable molecules using N-methylation","1.8% (w/v) lecithin in dodecane","lecithin/dodecane"
2021_Lee,https://doi.org/10.1021/acs.jmedchem.1c00211,"Interplay among Conformation, Intramolecular Hydrogen Bonds, and Chameleonicity in Cyclosporin O Derivatives","1% (w/v) lecithin in dodecane (Lokey-lab Avdeef-style)","lecithin/dodecane"
2018_García-Pindado,https://doi.org/10.1002/bip.23112,"Bromotryptophans and their incorporation in cyclic and bicyclic privileged peptides","2% lecithin in dodecane (Pion default proprietary System Solution)","lecithin/dodecane"
2015_Nielsen,https://doi.org/10.1002/cbic.201500441,"Flexibility versus Rigidity for Orally Bioavailable Cyclic Hexapeptides","undocumented in CycPeptMPDB (Assay_Detail field is N.D.)","undocumented"
2015_Lewis,https://doi.org/10.1007/s10989-014-9447-3,"A Detailed Investigation on Conformation, Permeability and PK Properties of Two Related Cyclohexapeptides","Pure hexadecane layer on polycarbonate filter (no phospholipid)","hexadecane only"
2018_Buckton,https://doi.org/10.1021/acs.orglett.7b03363,"Improving the Cell Permeability of Polar Cyclic Peptides by Replacing Residues with Alkylated Amino Acids","1.8% (w/v) lecithin in dodecane (PAMPA reported as secondary; primary Caco-2)","lecithin/dodecane"
2018_Ramalho,https://doi.org/10.1021/acs.jnatprod.8b00447,"Synthesis, Racemic X-ray Crystallographic, and Permeability Studies of Bioactive Orbitides","BD Gentest pre-coated PAMPA plate: DOPC + hexadecane trilayer","DOPC/hexadecane"
