,Peptide No.,IC50 (nM),IC50 (M),pIC50
0,1,2200,2.2e-06,5.657577319177793
1,2,3600,3.6000000000000003e-06,5.443697499232712
2,3,10000,1e-05,5.0
3,4,1200,1.2000000000000002e-06,5.920818753952375
4,5,1600,1.6000000000000001e-06,5.795880017344075
5,6,1300,1.3e-06,5.886056647693163
6,7,1800,1.8000000000000001e-06,5.7447274948966935
7,8,1800,1.8000000000000001e-06,5.7447274948966935
8,9,3000,3e-06,5.522878745280337
9,10,261,2.61e-07,6.583359492661719
10,11,313,3.13e-07,6.504455662453552
11,12,570,5.7e-07,6.2441251443275085
