Peptide No.	IC50 (nM)	1	2	3	4	5	6	7	8	9	10	11	12	13	14	15
1	2200	-	A	I	A	Q	A	L	R	R	I	G	D	A	F	NH2
2	3600	-	A	I	A	Q	A	L	R	R	I	G	D	A	Y	NH2
3	10000	-	A	I	A	Q	A	L	R	R	I	G	D	A	R	NH2
4	1200	-	A	I	A	Q	A	L	R	R	I	G	D	A	L	NH2
5	1600	-	A	I	A	Q	A	L	R	R	I	G	D	A	Nle	NH2
6	1300	-	A	I	A	Q	Abu	L	R	R	I	G	D	A	F	NH2
7	1800	-	A	I	A	Q	V	L	R	R	I	G	D	A	F	NH2
8	1800	-	A	I	A	Q	L	L	R	R	I	G	D	A	F	NH2
9	3000	-	A	I	A	Q	Hse	L	R	R	I	G	D	A	F	NH2
10	261	Ace	A	I	A	F	A	L	R	R	I	G	D	A	F	NH2
11	313	-	A	I	A	E	Q	L	R	R	I	G	D	A	F	NH2
12	570	Ace	A	I	A	E	Q	L	R	R	I	G	D	R	F	NH2
