,Peptide No.,Measured KD (nM),KD (M),pKd
0,PMI,7.7,7.700000000000001e-09,8.113509274827518
1,1,10.0,1e-08,8.0
2,2,628.0,6.280000000000001e-07,6.2020403562628035
3,3,4912.0,4.9120000000000006e-06,5.308741641866889
4,4,0.8,8.000000000000001e-10,9.096910013008056
5,5,30.0,3.0000000000000004e-08,7.522878745280337
6,6,1440.0,1.4400000000000002e-06,5.841637507904751
7,7,1223.0,1.223e-06,5.912573542963715
8,8,0.7,7e-10,9.154901959985743
9,17,32.0,3.2e-08,7.494850021680094
10,18,2.7,2.7e-09,8.568636235841012
11,19,8.8,8.800000000000001e-09,8.05551732784983
12,20,6.2,6.200000000000001e-09,8.207608310501746
13,21,2.1,2.1e-09,8.67778070526608
14,22,2.0,2e-09,8.698970004336019
15,23,3.7,3.7000000000000005e-09,8.431798275933005
16,24,59.0,5.9000000000000006e-08,7.229147988357855
17,25,2.2,2.2000000000000003e-09,8.657577319177793
18,26,1.0,1e-09,9.0
19,27,10.0,1e-08,8.0
20,28,4.7,4.700000000000001e-09,8.327902142064282
21,29,2.3,2.3e-09,8.638272163982407
22,30,8.6,8.600000000000001e-09,8.065501548756432
23,31,3.2,3.2000000000000005e-09,8.494850021680094
24,32,2.3,2.3e-09,8.638272163982407
25,33,67.0,6.7e-08,7.173925197299173
26,34,4.7,4.700000000000001e-09,8.327902142064282
