,Peptide No.,IC50 (MDM2) nM,IC50 (MDM2) M,pIC50
0,pDIQ,8,8e-09,8.096910013008056
1,p53,2000,2.0000000000000003e-06,5.698970004336019
2,pMI,20,2e-08,7.698970004336019
3,pDI,44,4.4000000000000004e-08,7.356547323513812
4,6W,36,3.6000000000000005e-08,7.443697499232712
5,6N,400,4.0000000000000003e-07,6.3979400086720375
6,6W9S,125,1.2500000000000002e-07,6.903089986991944
7,6W8S9S,130,1.3e-07,6.886056647693163
8,1E6W,20,2e-08,7.698970004336019
9,6W8S,24,2.4000000000000003e-08,7.619788758288394
10,6W11L,20,2e-08,7.698970004336019
